<?xml version="1.0" encoding="UTF-8"?>
<project-private xmlns="http://www.netbeans.org/ns/project-private/1">
    <editor-bookmarks xmlns="http://www.netbeans.org/ns/editor-bookmarks/1"/>
    <editor-bookmarks xmlns="http://www.netbeans.org/ns/editor-bookmarks/2" lastBookmarkId="0"/>
    <open-files xmlns="http://www.netbeans.org/ns/projectui-open-files/1">
        <file>file:/C:/Users/Chris/Desktop/Google%20Drive/JavaProjects/MultiThreadExample/src/multithreadexample/SampleServer.java</file>
        <file>file:/C:/Users/Chris/Desktop/Google%20Drive/JavaProjects/MultiThreadExample/src/multithreadexample/sampleOutput.txt</file>
    </open-files>
</project-private>
